Workbook

Sheet Test Cases
A1: TC ID | B1: Module | C1: Function | D1: Objective | E1: Test Data Source (CSV) | F1: Steps | G1: Data Rows | H1: Rows Passed | I1: Pass Rate | J1: Status | K1: Automated Test (pytest)
A2: TC-DD-001 | B2: number | C2: ordinal | D2: Verify ordinal suffix rules (st/nd/rd/th, teen exceptions) and invalid-input handling | E2: tests_assignment/data/ordinal_cases.csv | F2: 1. Read a row from ordinal_cases.csv 2. Call ordinal(value) 3. Compare with expected | G2: =COUNTIF('Test Data'!$A$2:$A$67,A2) -> 15 | H2: =COUNTIFS('Test Data'!$A$2:$A$67,A2,'Test Data'!$G$2:$G$67,"Pass") -> 15 | I2: =IF(G2=0,0,H2/G2) -> 1 | J2: =IF(H2=G2,"Pass","Check") -> Pass | K2: tests_assignment/test_data_driven_csv.py::test_ordinal_from_csv
A3: TC-DD-002 | B3: number | C3: intcomma | D3: Verify thousands separators, negatives, floats, ndigits rounding and invalid input | E3: tests_assignment/data/intcomma_cases.csv | F3: 1. Read a row from intcomma_cases.csv 2. Call intcomma(value[, ndigits]) 3. Compare with expected | G3: =COUNTIF('Test Data'!$A$2:$A$67,A3) -> 9 | H3: =COUNTIFS('Test Data'!$A$2:$A$67,A3,'Test Data'!$G$2:$G$67,"Pass") -> 9 | I3: =IF(G3=0,0,H3/G3) -> 1 | J3: =IF(H3=G3,"Pass","Check") -> Pass | K3: tests_assignment/test_data_driven_csv.py::test_intcomma_from_csv
A4: TC-DD-003 | B4: number | C4: apnumber | D4: Verify AP-style spelling of 0-9 and the 9/10 and 0/-1 boundaries | E4: tests_assignment/data/apnumber_cases.csv | F4: 1. Read a row from apnumber_cases.csv 2. Call apnumber(value) 3. Compare with expected | G4: =COUNTIF('Test Data'!$A$2:$A$67,A4) -> 7 | H4: =COUNTIFS('Test Data'!$A$2:$A$67,A4,'Test Data'!$G$2:$G$67,"Pass") -> 7 | I4: =IF(G4=0,0,H4/G4) -> 1 | J4: =IF(H4=G4,"Pass","Check") -> Pass | K4: tests_assignment/test_data_driven_csv.py::test_apnumber_from_csv
A5: TC-DD-004 | B5: filesize | C5: naturalsize | D5: Verify decimal/binary/GNU size formatting, unit boundaries and rounding carry-over | E5: tests_assignment/data/naturalsize_cases.csv | F5: 1. Read a row from naturalsize_cases.csv 2. Call naturalsize(value, binary, gnu, format) 3. Compare with expected | G5: =COUNTIF('Test Data'!$A$2:$A$67,A5) -> 13 | H5: =COUNTIFS('Test Data'!$A$2:$A$67,A5,'Test Data'!$G$2:$G$67,"Pass") -> 13 | I5: =IF(G5=0,0,H5/G5) -> 1 | J5: =IF(H5=G5,"Pass","Check") -> Pass | K5: tests_assignment/test_data_driven_csv.py::test_naturalsize_from_csv
A6: TC-DD-005 | B6: time | C6: naturaldelta | D6: Verify natural duration text at every unit boundary, plus months and minimum_unit options | E6: tests_assignment/data/naturaldelta_cases.csv | F6: 1. Read a row from naturaldelta_cases.csv 2. Call naturaldelta(timedelta(seconds), months, minimum_unit) 3. Compare with expected | G6: =COUNTIF('Test Data'!$A$2:$A$67,A6) -> 12 | H6: =COUNTIFS('Test Data'!$A$2:$A$67,A6,'Test Data'!$G$2:$G$67,"Pass") -> 12 | I6: =IF(G6=0,0,H6/G6) -> 1 | J6: =IF(H6=G6,"Pass","Check") -> Pass | K6: tests_assignment/test_data_driven_csv.py::test_naturaldelta_from_csv
A7: TC-DD-006 | B7: time | C7: precisedelta | D7: Verify exact multi-unit duration text, unit rollovers, minimum_unit and format options | E7: tests_assignment/data/precisedelta_cases.csv | F7: 1. Read a row from precisedelta_cases.csv 2. Call precisedelta(timedelta(seconds), minimum_unit, format) 3. Compare with expected | G7: =COUNTIF('Test Data'!$A$2:$A$67,A7) -> 10 | H7: =COUNTIFS('Test Data'!$A$2:$A$67,A7,'Test Data'!$G$2:$G$67,"Pass") -> 10 | I7: =IF(G7=0,0,H7/G7) -> 1 | J7: =IF(H7=G7,"Pass","Check") -> Pass | K7: tests_assignment/test_data_driven_csv.py::test_precisedelta_from_csv

Sheet Test Data
A1: TC ID | B1: Function | C1: Row ID | D1: Inputs | E1: Expected | F1: Technique | G1: Result
A2: TC-DD-001 | B2: ordinal | C2: O-01 | D2: value=1 | E2: 1st | F2: ECP | G2: Pass
A3: TC-DD-001 | B3: ordinal | C3: O-02 | D3: value=2 | E3: 2nd | F3: ECP | G3: Pass
A4: TC-DD-001 | B4: ordinal | C4: O-03 | D4: value=3 | E4: 3rd | F4: ECP | G4: Pass
A5: TC-DD-001 | B5: ordinal | C5: O-04 | D5: value=4 | E5: 4th | F5: ECP | G5: Pass
A6: TC-DD-001 | B6: ordinal | C6: O-05 | D6: value=11 | E6: 11th | F6: BVA | G6: Pass
A7: TC-DD-001 | B7: ordinal | C7: O-06 | D7: value=12 | E7: 12th | F7: BVA | G7: Pass
A8: TC-DD-001 | B8: ordinal | C8: O-07 | D8: value=13 | E8: 13th | F8: BVA | G8: Pass
A9: TC-DD-001 | B9: ordinal | C9: O-08 | D9: value=21 | E9: 21st | F9: ECP | G9: Pass
A10: TC-DD-001 | B10: ordinal | C10: O-09 | D10: value=101 | E10: 101st | F10: ECP | G10: Pass
A11: TC-DD-001 | B11: ordinal | C11: O-10 | D11: value=111 | E11: 111th | F11: BVA | G11: Pass
A12: TC-DD-001 | B12: ordinal | C12: O-11 | D12: value=0 | E12: 0th | F12: BVA | G12: Pass
... A67: TC-DD-006 | B67: precisedelta | C67: P-10 | D67: seconds=176433.123 | E67: 2 days, 1 hour and 33.12 seconds | F67: ECP | G67: Pass

Sheet Summary
A1: Data-driven test summary (all figures are formulas over 'Test Data')
A3: Metric | B3: Value
A4: Test cases (TC) | B4: =COUNTA('Test Cases'!A2:A7) -> 6
A5: Data rows executed | B5: =SUM('Test Cases'!G2:G7) -> 66
A6: Rows passed | B6: =SUM('Test Cases'!H2:H7) -> 66
A7: Overall pass rate | B7: =IF(B5=0,0,B6/B5) -> 1
A8: BVA rows | B8: =COUNTIF('Test Data'!F2:F67,"BVA") -> 34
A9: ECP rows | B9: =COUNTIF('Test Data'!F2:F67,"ECP") -> 16
A10: Option-coverage rows | B10: =COUNTIF('Test Data'!F2:F67,"Option") -> 8
A11: Negative / error-guessing rows | B11: =COUNTIF('Test Data'!F2:F67,"Negative") -> 8
A13: Source: results come from pytest JUnit output (reports/data_driven.xml); regenerate with scripts/build_excel.py.
